{
    "images": [
        {
            "file_name": "m1.jpg",
            "height": 378,
            "width": 300,
            "id": 0
        },
        {
            "file_name": "m10.jpg",
            "height": 200,
            "width": 300,
            "id": 1
        },
        {
            "file_name": "m11.jpg",
            "height": 150,
            "width": 300,
            "id": 2
        },
        {
            "file_name": "m12.jpg",
            "height": 200,
            "width": 300,
            "id": 3
        },
        {
            "file_name": "m13.jpg",
            "height": 169,
            "width": 300,
            "id": 4
        },
        {
            "file_name": "m14.jpg",
            "height": 190,
            "width": 300,
            "id": 5
        },
        {
            "file_name": "m15.jpg",
            "height": 187,
            "width": 300,
            "id": 6
        },
        {
            "file_name": "m16.jpg",
            "height": 200,
            "width": 300,
            "id": 7
        },
        {
            "file_name": "m17.jpg",
            "height": 300,
            "width": 300,
            "id": 8
        },
        {
            "file_name": "m18.jpg",
            "height": 300,
            "width": 300,
            "id": 9
        },
        {
            "file_name": "m19.jpg",
            "height": 401,
            "width": 300,
            "id": 10
        },
        {
            "file_name": "m2.jpg",
            "height": 150,
            "width": 300,
            "id": 11
        },
        {
            "file_name": "m20.jpg",
            "height": 115,
            "width": 300,
            "id": 12
        },
        {
            "file_name": "m21.jpg",
            "height": 300,
            "width": 300,
            "id": 13
        },
        {
            "file_name": "m22.jpg",
            "height": 300,
            "width": 300,
            "id": 14
        },
        {
            "file_name": "m23.jpg",
            "height": 200,
            "width": 300,
            "id": 15
        },
        {
            "file_name": "m24.jpg",
            "height": 583,
            "width": 300,
            "id": 16
        },
        {
            "file_name": "m25.jpg",
            "height": 300,
            "width": 300,
            "id": 17
        },
        {
            "file_name": "m26.jpg",
            "height": 300,
            "width": 300,
            "id": 18
        },
        {
            "file_name": "m27.jpg",
            "height": 429,
            "width": 300,
            "id": 19
        },
        {
            "file_name": "m28.jpg",
            "height": 300,
            "width": 300,
            "id": 20
        },
        {
            "file_name": "m29.jpg",
            "height": 300,
            "width": 300,
            "id": 21
        },
        {
            "file_name": "m3.jpg",
            "height": 225,
            "width": 300,
            "id": 22
        },
        {
            "file_name": "m30.jpg",
            "height": 300,
            "width": 300,
            "id": 23
        },
        {
            "file_name": "m31.jpg",
            "height": 300,
            "width": 300,
            "id": 24
        },
        {
            "file_name": "m32.jpg",
            "height": 200,
            "width": 300,
            "id": 25
        },
        {
            "file_name": "m33.jpg",
            "height": 300,
            "width": 300,
            "id": 26
        },
        {
            "file_name": "m34.jpg",
            "height": 199,
            "width": 300,
            "id": 27
        },
        {
            "file_name": "m35.jpg",
            "height": 451,
            "width": 300,
            "id": 28
        },
        {
            "file_name": "m36.jpg",
            "height": 200,
            "width": 300,
            "id": 29
        },
        {
            "file_name": "m37.jpg",
            "height": 375,
            "width": 300,
            "id": 30
        },
        {
            "file_name": "m38.jpg",
            "height": 180,
            "width": 300,
            "id": 31
        },
        {
            "file_name": "m39.jpg",
            "height": 300,
            "width": 300,
            "id": 32
        },
        {
            "file_name": "m4.jpg",
            "height": 168,
            "width": 300,
            "id": 33
        },
        {
            "file_name": "m40.jpg",
            "height": 200,
            "width": 300,
            "id": 34
        },
        {
            "file_name": "m41.jpg",
            "height": 300,
            "width": 300,
            "id": 35
        },
        {
            "file_name": "m42.jpg",
            "height": 169,
            "width": 300,
            "id": 36
        },
        {
            "file_name": "m43.jpg",
            "height": 300,
            "width": 300,
            "id": 37
        },
        {
            "file_name": "m44.jpg",
            "height": 200,
            "width": 300,
            "id": 38
        },
        {
            "file_name": "m45.jpg",
            "height": 200,
            "width": 300,
            "id": 39
        },
        {
            "file_name": "m46.jpg",
            "height": 375,
            "width": 300,
            "id": 40
        },
        {
            "file_name": "m47.jpg",
            "height": 200,
            "width": 300,
            "id": 41
        },
        {
            "file_name": "m48.jpg",
            "height": 300,
            "width": 300,
            "id": 42
        },
        {
            "file_name": "m49.jpg",
            "height": 169,
            "width": 300,
            "id": 43
        },
        {
            "file_name": "m5.jpg",
            "height": 168,
            "width": 300,
            "id": 44
        },
        {
            "file_name": "m50.jpg",
            "height": 300,
            "width": 300,
            "id": 45
        },
        {
            "file_name": "m51.jpg",
            "height": 197,
            "width": 300,
            "id": 46
        },
        {
            "file_name": "m52.jpg",
            "height": 375,
            "width": 300,
            "id": 47
        },
        {
            "file_name": "m53.jpg",
            "height": 300,
            "width": 300,
            "id": 48
        },
        {
            "file_name": "m54.jpg",
            "height": 300,
            "width": 300,
            "id": 49
        },
        {
            "file_name": "m55.jpg",
            "height": 169,
            "width": 300,
            "id": 50
        },
        {
            "file_name": "m56.jpg",
            "height": 225,
            "width": 300,
            "id": 51
        },
        {
            "file_name": "m57.jpg",
            "height": 169,
            "width": 300,
            "id": 52
        },
        {
            "file_name": "m59.jpg",
            "height": 200,
            "width": 300,
            "id": 53
        },
        {
            "file_name": "m6.jpg",
            "height": 169,
            "width": 300,
            "id": 54
        },
        {
            "file_name": "m60.jpg",
            "height": 210,
            "width": 300,
            "id": 55
        },
        {
            "file_name": "m61.jpg",
            "height": 169,
            "width": 300,
            "id": 56
        },
        {
            "file_name": "m62.jpg",
            "height": 224,
            "width": 300,
            "id": 57
        },
        {
            "file_name": "m63.jpg",
            "height": 200,
            "width": 300,
            "id": 58
        },
        {
            "file_name": "m64.jpg",
            "height": 200,
            "width": 300,
            "id": 59
        },
        {
            "file_name": "m65.jpg",
            "height": 200,
            "width": 300,
            "id": 60
        },
        {
            "file_name": "m7.jpg",
            "height": 225,
            "width": 300,
            "id": 61
        },
        {
            "file_name": "m8.jpg",
            "height": 200,
            "width": 300,
            "id": 62
        },
        {
            "file_name": "m9.jpg",
            "height": 240,
            "width": 300,
            "id": 63
        }
    ],
    "categories": [
        {
            "supercategory": "Defect",
            "id": 1,
            "name": "mask"
        }
    ],
    "annotations": [
        {
            "id": 1,
            "image_id": 0,
            "bbox": [
                109.0,
                112.0,
                124.0,
                100.0
            ],
            "area": 12400,
            "iscrowd": 0,
            "category_id": 1,
            "segmentation": []
        },
        {
            "id": 2,
            "image_id": 1,
            "bbox": [
                74.5,
                104.0,
                49.0,
                52.0
            ],
            "area": 2548,
            "iscrowd": 0,
            "category_id": 1,
            "segmentation": []
        },
        {
            "id": 3,
            "image_id": 1,
            "bbox": [
                175.5,
                77.0,
                55.0,
                44.0
            ],
            "area": 2420,
            "iscrowd": 0,
            "category_id": 1,
            "segmentation": []
        },
        {
            "id": 4,
            "image_id": 2,
            "bbox": [
                144.5,
                23.5,
                61.0,
                49.0
            ],
            "area": 2989,
            "iscrowd": 0,
            "category_id": 1,
            "segmentation": []
        },
        {
            "id": 5,
            "image_id": 3,
            "bbox": [
                110.0,
                45.0,
                134.0,
                124.0
            ],
            "area": 16616,
            "iscrowd": 0,
            "category_id": 1,
            "segmentation": []
        },
        {
            "id": 6,
            "image_id": 4,
            "bbox": [
                174.5,
                55.5,
                75.0,
                85.0
            ],
            "area": 6375,
            "iscrowd": 0,
            "category_id": 1,
            "segmentation": []
        },
        {
            "id": 7,
            "image_id": 5,
            "bbox": [
                116.5,
                65.5,
                71.0,
                61.0
            ],
            "area": 4331,
            "iscrowd": 0,
            "category_id": 1,
            "segmentation": []
        },
        {
            "id": 8,
            "image_id": 6,
            "bbox": [
                129.5,
                32.5,
                49.0,
                33.0
            ],
            "area": 1617,
            "iscrowd": 0,
            "category_id": 1,
            "segmentation": []
        },
        {
            "id": 9,
            "image_id": 7,
            "bbox": [
                133.0,
                37.0,
                34.0,
                26.0
            ],
            "area": 884,
            "iscrowd": 0,
            "category_id": 1,
            "segmentation": []
        },
        {
            "id": 10,
            "image_id": 8,
            "bbox": [
                56.0,
                131.0,
                102.0,
                72.0
            ],
            "area": 7344,
            "iscrowd": 0,
            "category_id": 1,
            "segmentation": []
        },
        {
            "id": 11,
            "image_id": 9,
            "bbox": [
                61.5,
                66.5,
                185.0,
                177.0
            ],
            "area": 32745,
            "iscrowd": 0,
            "category_id": 1,
            "segmentation": []
        },
        {
            "id": 12,
            "image_id": 10,
            "bbox": [
                99.5,
                150.0,
                143.0,
                152.0
            ],
            "area": 21736,
            "iscrowd": 0,
            "category_id": 1,
            "segmentation": []
        },
        {
            "id": 13,
            "image_id": 11,
            "bbox": [
                113.5,
                50.5,
                69.0,
                65.0
            ],
            "area": 4485,
            "iscrowd": 0,
            "category_id": 1,
            "segmentation": []
        },
        {
            "id": 14,
            "image_id": 11,
            "bbox": [
                2.5,
                3.5,
                41.0,
                33.0
            ],
            "area": 1353,
            "iscrowd": 0,
            "category_id": 1,
            "segmentation": []
        },
        {
            "id": 15,
            "image_id": 11,
            "bbox": [
                47.0,
                44.5,
                52.0,
                37.0
            ],
            "area": 1924,
            "iscrowd": 0,
            "category_id": 1,
            "segmentation": []
        },
        {
            "id": 16,
            "image_id": 11,
            "bbox": [
                38.0,
                117.0,
                44.0,
                32.0
            ],
            "area": 1408,
            "iscrowd": 0,
            "category_id": 1,
            "segmentation": []
        },
        {
            "id": 17,
            "image_id": 11,
            "bbox": [
                2.0,
                72.0,
                26.0,
                42.0
            ],
            "area": 1092,
            "iscrowd": 0,
            "category_id": 1,
            "segmentation": []
        },
        {
            "id": 18,
            "image_id": 11,
            "bbox": [
                179.5,
                4.5,
                49.0,
                35.0
            ],
            "area": 1715,
            "iscrowd": 0,
            "category_id": 1,
            "segmentation": []
        },
        {
            "id": 19,
            "image_id": 11,
            "bbox": [
                228.5,
                43.0,
                51.0,
                42.0
            ],
            "area": 2142,
            "iscrowd": 0,
            "category_id": 1,
            "segmentation": []
        },
        {
            "id": 20,
            "image_id": 11,
            "bbox": [
                199.5,
                106.0,
                51.0,
                34.0
            ],
            "area": 1734,
            "iscrowd": 0,
            "category_id": 1,
            "segmentation": []
        },
        {
            "id": 21,
            "image_id": 11,
            "bbox": [
                273.0,
                92.5,
                28.0,
                43.0
            ],
            "area": 1204,
            "iscrowd": 0,
            "category_id": 1,
            "segmentation": []
        },
        {
            "id": 22,
            "image_id": 11,
            "bbox": [
                253.0,
                2.0,
                44.0,
                24.0
            ],
            "area": 1056,
            "iscrowd": 0,
            "category_id": 1,
            "segmentation": []
        },
        {
            "id": 23,
            "image_id": 12,
            "bbox": [
                97.5,
                66.0,
                23.0,
                32.0
            ],
            "area": 736,
            "iscrowd": 0,
            "category_id": 1,
            "segmentation": []
        },
        {
            "id": 24,
            "image_id": 12,
            "bbox": [
                151.5,
                62.5,
                39.0,
                33.0
            ],
            "area": 1287,
            "iscrowd": 0,
            "category_id": 1,
            "segmentation": []
        },
        {
            "id": 25,
            "image_id": 13,
            "bbox": [
                137.5,
                88.0,
                67.0,
                72.0
            ],
            "area": 4824,
            "iscrowd": 0,
            "category_id": 1,
            "segmentation": []
        },
        {
            "id": 26,
            "image_id": 13,
            "bbox": [
                250.5,
                164.5,
                49.0,
                65.0
            ],
            "area": 3185,
            "iscrowd": 0,
            "category_id": 1,
            "segmentation": []
        },
        {
            "id": 27,
            "image_id": 13,
            "bbox": [
                19.0,
                129.0,
                50.0,
                52.0
            ],
            "area": 2600,
            "iscrowd": 0,
            "category_id": 1,
            "segmentation": []
        },
        {
            "id": 28,
            "image_id": 13,
            "bbox": [
                203.0,
                130.5,
                18.0,
                31.0
            ],
            "area": 558,
            "iscrowd": 0,
            "category_id": 1,
            "segmentation": []
        },
        {
            "id": 29,
            "image_id": 14,
            "bbox": [
                99.0,
                124.0,
                88.0,
                46.0
            ],
            "area": 4048,
            "iscrowd": 0,
            "category_id": 1,
            "segmentation": []
        },
        {
            "id": 30,
            "image_id": 14,
            "bbox": [
                216.5,
                128.0,
                79.0,
                54.0
            ],
            "area": 4266,
            "iscrowd": 0,
            "category_id": 1,
            "segmentation": []
        },
        {
            "id": 31,
            "image_id": 14,
            "bbox": [
                69.0,
                139.0,
                36.0,
                42.0
            ],
            "area": 1512,
            "iscrowd": 0,
            "category_id": 1,
            "segmentation": []
        },
        {
            "id": 32,
            "image_id": 15,
            "bbox": [
                103.0,
                34.5,
                40.0,
                35.0
            ],
            "area": 1400,
            "iscrowd": 0,
            "category_id": 1,
            "segmentation": []
        },
        {
            "id": 33,
            "image_id": 16,
            "bbox": [
                120.0,
                134.0,
                70.0,
                58.0
            ],
            "area": 4060,
            "iscrowd": 0,
            "category_id": 1,
            "segmentation": []
        },
        {
            "id": 34,
            "image_id": 17,
            "bbox": [
                59.0,
                128.5,
                134.0,
                103.0
            ],
            "area": 13802,
            "iscrowd": 0,
            "category_id": 1,
            "segmentation": []
        },
        {
            "id": 35,
            "image_id": 18,
            "bbox": [
                52.0,
                143.5,
                160.0,
                135.0
            ],
            "area": 21600,
            "iscrowd": 0,
            "category_id": 1,
            "segmentation": []
        },
        {
            "id": 36,
            "image_id": 19,
            "bbox": [
                98.0,
                143.0,
                148.0,
                134.0
            ],
            "area": 19832,
            "iscrowd": 0,
            "category_id": 1,
            "segmentation": []
        },
        {
            "id": 37,
            "image_id": 20,
            "bbox": [
                66.0,
                73.5,
                124.0,
                91.0
            ],
            "area": 11284,
            "iscrowd": 0,
            "category_id": 1,
            "segmentation": []
        },
        {
            "id": 38,
            "image_id": 21,
            "bbox": [
                61.5,
                145.5,
                167.0,
                131.0
            ],
            "area": 21877,
            "iscrowd": 0,
            "category_id": 1,
            "segmentation": []
        },
        {
            "id": 39,
            "image_id": 22,
            "bbox": [
                94.5,
                62.0,
                89.0,
                74.0
            ],
            "area": 6586,
            "iscrowd": 0,
            "category_id": 1,
            "segmentation": []
        },
        {
            "id": 40,
            "image_id": 23,
            "bbox": [
                91.5,
                145.5,
                97.0,
                87.0
            ],
            "area": 8439,
            "iscrowd": 0,
            "category_id": 1,
            "segmentation": []
        },
        {
            "id": 41,
            "image_id": 24,
            "bbox": [
                136.5,
                122.5,
                111.0,
                97.0
            ],
            "area": 10767,
            "iscrowd": 0,
            "category_id": 1,
            "segmentation": []
        },
        {
            "id": 42,
            "image_id": 25,
            "bbox": [
                106.5,
                83.5,
                75.0,
                65.0
            ],
            "area": 4875,
            "iscrowd": 0,
            "category_id": 1,
            "segmentation": []
        },
        {
            "id": 43,
            "image_id": 26,
            "bbox": [
                81.5,
                132.0,
                161.0,
                140.0
            ],
            "area": 22540,
            "iscrowd": 0,
            "category_id": 1,
            "segmentation": []
        },
        {
            "id": 44,
            "image_id": 27,
            "bbox": [
                95.0,
                74.0,
                82.0,
                56.0
            ],
            "area": 4592,
            "iscrowd": 0,
            "category_id": 1,
            "segmentation": []
        },
        {
            "id": 45,
            "image_id": 28,
            "bbox": [
                63.5,
                165.0,
                155.0,
                128.0
            ],
            "area": 19840,
            "iscrowd": 0,
            "category_id": 1,
            "segmentation": []
        },
        {
            "id": 46,
            "image_id": 29,
            "bbox": [
                154.0,
                62.0,
                64.0,
                50.0
            ],
            "area": 3200,
            "iscrowd": 0,
            "category_id": 1,
            "segmentation": []
        },
        {
            "id": 47,
            "image_id": 30,
            "bbox": [
                115.5,
                172.0,
                107.0,
                128.0
            ],
            "area": 13696,
            "iscrowd": 0,
            "category_id": 1,
            "segmentation": []
        },
        {
            "id": 48,
            "image_id": 31,
            "bbox": [
                113.0,
                62.5,
                72.0,
                59.0
            ],
            "area": 4248,
            "iscrowd": 0,
            "category_id": 1,
            "segmentation": []
        },
        {
            "id": 49,
            "image_id": 32,
            "bbox": [
                72.0,
                128.0,
                158.0,
                116.0
            ],
            "area": 18328,
            "iscrowd": 0,
            "category_id": 1,
            "segmentation": []
        },
        {
            "id": 50,
            "image_id": 33,
            "bbox": [
                94.5,
                76.0,
                89.0,
                72.0
            ],
            "area": 6408,
            "iscrowd": 0,
            "category_id": 1,
            "segmentation": []
        },
        {
            "id": 51,
            "image_id": 33,
            "bbox": [
                173.0,
                72.0,
                82.0,
                56.0
            ],
            "area": 4592,
            "iscrowd": 0,
            "category_id": 1,
            "segmentation": []
        },
        {
            "id": 52,
            "image_id": 34,
            "bbox": [
                32.5,
                71.0,
                79.0,
                64.0
            ],
            "area": 5056,
            "iscrowd": 0,
            "category_id": 1,
            "segmentation": []
        },
        {
            "id": 53,
            "image_id": 34,
            "bbox": [
                151.0,
                33.5,
                146.0,
                133.0
            ],
            "area": 19418,
            "iscrowd": 0,
            "category_id": 1,
            "segmentation": []
        },
        {
            "id": 54,
            "image_id": 35,
            "bbox": [
                45.5,
                78.5,
                81.0,
                63.0
            ],
            "area": 5103,
            "iscrowd": 0,
            "category_id": 1,
            "segmentation": []
        },
        {
            "id": 55,
            "image_id": 36,
            "bbox": [
                65.0,
                36.5,
                138.0,
                117.0
            ],
            "area": 16146,
            "iscrowd": 0,
            "category_id": 1,
            "segmentation": []
        },
        {
            "id": 56,
            "image_id": 37,
            "bbox": [
                96.5,
                84.5,
                111.0,
                93.0
            ],
            "area": 10323,
            "iscrowd": 0,
            "category_id": 1,
            "segmentation": []
        },
        {
            "id": 57,
            "image_id": 38,
            "bbox": [
                106.0,
                81.5,
                118.0,
                79.0
            ],
            "area": 9322,
            "iscrowd": 0,
            "category_id": 1,
            "segmentation": []
        },
        {
            "id": 58,
            "image_id": 39,
            "bbox": [
                98.5,
                76.5,
                87.0,
                59.0
            ],
            "area": 5133,
            "iscrowd": 0,
            "category_id": 1,
            "segmentation": []
        },
        {
            "id": 59,
            "image_id": 40,
            "bbox": [
                16.0,
                157.0,
                118.0,
                92.0
            ],
            "area": 10856,
            "iscrowd": 0,
            "category_id": 1,
            "segmentation": []
        },
        {
            "id": 60,
            "image_id": 40,
            "bbox": [
                161.5,
                181.0,
                109.0,
                82.0
            ],
            "area": 8938,
            "iscrowd": 0,
            "category_id": 1,
            "segmentation": []
        },
        {
            "id": 61,
            "image_id": 41,
            "bbox": [
                51.5,
                90.0,
                109.0,
                82.0
            ],
            "area": 8938,
            "iscrowd": 0,
            "category_id": 1,
            "segmentation": []
        },
        {
            "id": 62,
            "image_id": 42,
            "bbox": [
                80.5,
                136.5,
                135.0,
                111.0
            ],
            "area": 14985,
            "iscrowd": 0,
            "category_id": 1,
            "segmentation": []
        },
        {
            "id": 63,
            "image_id": 43,
            "bbox": [
                94.0,
                71.5,
                88.0,
                79.0
            ],
            "area": 6952,
            "iscrowd": 0,
            "category_id": 1,
            "segmentation": []
        },
        {
            "id": 64,
            "image_id": 43,
            "bbox": [
                175.0,
                72.5,
                80.0,
                55.0
            ],
            "area": 4400,
            "iscrowd": 0,
            "category_id": 1,
            "segmentation": []
        },
        {
            "id": 65,
            "image_id": 44,
            "bbox": [
                122.0,
                37.5,
                46.0,
                37.0
            ],
            "area": 1702,
            "iscrowd": 0,
            "category_id": 1,
            "segmentation": []
        },
        {
            "id": 66,
            "image_id": 45,
            "bbox": [
                79.5,
                131.0,
                135.0,
                88.0
            ],
            "area": 11880,
            "iscrowd": 0,
            "category_id": 1,
            "segmentation": []
        },
        {
            "id": 67,
            "image_id": 46,
            "bbox": [
                116.0,
                66.0,
                66.0,
                56.0
            ],
            "area": 3696,
            "iscrowd": 0,
            "category_id": 1,
            "segmentation": []
        },
        {
            "id": 68,
            "image_id": 47,
            "bbox": [
                95.0,
                126.5,
                122.0,
                87.0
            ],
            "area": 10614,
            "iscrowd": 0,
            "category_id": 1,
            "segmentation": []
        },
        {
            "id": 69,
            "image_id": 48,
            "bbox": [
                90.0,
                115.5,
                90.0,
                57.0
            ],
            "area": 5130,
            "iscrowd": 0,
            "category_id": 1,
            "segmentation": []
        },
        {
            "id": 70,
            "image_id": 49,
            "bbox": [
                74.0,
                107.5,
                108.0,
                97.0
            ],
            "area": 10476,
            "iscrowd": 0,
            "category_id": 1,
            "segmentation": []
        },
        {
            "id": 71,
            "image_id": 50,
            "bbox": [
                63.0,
                58.5,
                124.0,
                87.0
            ],
            "area": 10788,
            "iscrowd": 0,
            "category_id": 1,
            "segmentation": []
        },
        {
            "id": 72,
            "image_id": 51,
            "bbox": [
                54.5,
                116.0,
                105.0,
                84.0
            ],
            "area": 8820,
            "iscrowd": 0,
            "category_id": 1,
            "segmentation": []
        },
        {
            "id": 73,
            "image_id": 52,
            "bbox": [
                112.5,
                66.0,
                53.0,
                44.0
            ],
            "area": 2332,
            "iscrowd": 0,
            "category_id": 1,
            "segmentation": []
        },
        {
            "id": 74,
            "image_id": 53,
            "bbox": [
                127.0,
                84.5,
                90.0,
                73.0
            ],
            "area": 6570,
            "iscrowd": 0,
            "category_id": 1,
            "segmentation": []
        },
        {
            "id": 75,
            "image_id": 54,
            "bbox": [
                13.0,
                43.5,
                52.0,
                53.0
            ],
            "area": 2756,
            "iscrowd": 0,
            "category_id": 1,
            "segmentation": []
        },
        {
            "id": 76,
            "image_id": 54,
            "bbox": [
                107.5,
                88.5,
                89.0,
                53.0
            ],
            "area": 4717,
            "iscrowd": 0,
            "category_id": 1,
            "segmentation": []
        },
        {
            "id": 77,
            "image_id": 54,
            "bbox": [
                233.5,
                43.5,
                57.0,
                53.0
            ],
            "area": 3021,
            "iscrowd": 0,
            "category_id": 1,
            "segmentation": []
        },
        {
            "id": 78,
            "image_id": 55,
            "bbox": [
                95.5,
                33.0,
                27.0,
                30.0
            ],
            "area": 810,
            "iscrowd": 0,
            "category_id": 1,
            "segmentation": []
        },
        {
            "id": 79,
            "image_id": 55,
            "bbox": [
                165.5,
                42.0,
                31.0,
                22.0
            ],
            "area": 682,
            "iscrowd": 0,
            "category_id": 1,
            "segmentation": []
        },
        {
            "id": 80,
            "image_id": 56,
            "bbox": [
                76.5,
                68.5,
                35.0,
                35.0
            ],
            "area": 1225,
            "iscrowd": 0,
            "category_id": 1,
            "segmentation": []
        },
        {
            "id": 81,
            "image_id": 56,
            "bbox": [
                171.0,
                78.0,
                30.0,
                22.0
            ],
            "area": 660,
            "iscrowd": 0,
            "category_id": 1,
            "segmentation": []
        },
        {
            "id": 82,
            "image_id": 56,
            "bbox": [
                110.0,
                20.5,
                40.0,
                31.0
            ],
            "area": 1240,
            "iscrowd": 0,
            "category_id": 1,
            "segmentation": []
        },
        {
            "id": 83,
            "image_id": 56,
            "bbox": [
                264.5,
                49.0,
                29.0,
                26.0
            ],
            "area": 754,
            "iscrowd": 0,
            "category_id": 1,
            "segmentation": []
        },
        {
            "id": 84,
            "image_id": 57,
            "bbox": [
                66.5,
                91.5,
                75.0,
                43.0
            ],
            "area": 3225,
            "iscrowd": 0,
            "category_id": 1,
            "segmentation": []
        },
        {
            "id": 85,
            "image_id": 57,
            "bbox": [
                206.0,
                56.5,
                30.0,
                41.0
            ],
            "area": 1230,
            "iscrowd": 0,
            "category_id": 1,
            "segmentation": []
        },
        {
            "id": 86,
            "image_id": 57,
            "bbox": [
                252.5,
                57.0,
                19.0,
                26.0
            ],
            "area": 494,
            "iscrowd": 0,
            "category_id": 1,
            "segmentation": []
        },
        {
            "id": 87,
            "image_id": 58,
            "bbox": [
                59.5,
                92.5,
                45.0,
                35.0
            ],
            "area": 1575,
            "iscrowd": 0,
            "category_id": 1,
            "segmentation": []
        },
        {
            "id": 88,
            "image_id": 58,
            "bbox": [
                153.5,
                114.0,
                47.0,
                28.0
            ],
            "area": 1316,
            "iscrowd": 0,
            "category_id": 1,
            "segmentation": []
        },
        {
            "id": 89,
            "image_id": 58,
            "bbox": [
                267.5,
                68.5,
                33.0,
                37.0
            ],
            "area": 1221,
            "iscrowd": 0,
            "category_id": 1,
            "segmentation": []
        },
        {
            "id": 90,
            "image_id": 59,
            "bbox": [
                27.5,
                82.0,
                31.0,
                40.0
            ],
            "area": 1240,
            "iscrowd": 0,
            "category_id": 1,
            "segmentation": []
        },
        {
            "id": 91,
            "image_id": 59,
            "bbox": [
                154.5,
                76.0,
                29.0,
                32.0
            ],
            "area": 928,
            "iscrowd": 0,
            "category_id": 1,
            "segmentation": []
        },
        {
            "id": 92,
            "image_id": 59,
            "bbox": [
                215.0,
                47.5,
                34.0,
                33.0
            ],
            "area": 1122,
            "iscrowd": 0,
            "category_id": 1,
            "segmentation": []
        },
        {
            "id": 93,
            "image_id": 60,
            "bbox": [
                72.5,
                54.5,
                43.0,
                35.0
            ],
            "area": 1505,
            "iscrowd": 0,
            "category_id": 1,
            "segmentation": []
        },
        {
            "id": 94,
            "image_id": 60,
            "bbox": [
                217.5,
                48.0,
                39.0,
                34.0
            ],
            "area": 1326,
            "iscrowd": 0,
            "category_id": 1,
            "segmentation": []
        },
        {
            "id": 95,
            "image_id": 61,
            "bbox": [
                113.5,
                88.5,
                35.0,
                29.0
            ],
            "area": 1015,
            "iscrowd": 0,
            "category_id": 1,
            "segmentation": []
        },
        {
            "id": 96,
            "image_id": 61,
            "bbox": [
                159.0,
                100.0,
                48.0,
                42.0
            ],
            "area": 2016,
            "iscrowd": 0,
            "category_id": 1,
            "segmentation": []
        },
        {
            "id": 97,
            "image_id": 61,
            "bbox": [
                224.0,
                139.5,
                36.0,
                29.0
            ],
            "area": 1044,
            "iscrowd": 0,
            "category_id": 1,
            "segmentation": []
        },
        {
            "id": 98,
            "image_id": 62,
            "bbox": [
                152.0,
                64.5,
                66.0,
                49.0
            ],
            "area": 3234,
            "iscrowd": 0,
            "category_id": 1,
            "segmentation": []
        },
        {
            "id": 99,
            "image_id": 63,
            "bbox": [
                66.0,
                83.0,
                86.0,
                66.0
            ],
            "area": 5676,
            "iscrowd": 0,
            "category_id": 1,
            "segmentation": []
        },
        {
            "id": 100,
            "image_id": 63,
            "bbox": [
                173.5,
                88.5,
                89.0,
                53.0
            ],
            "area": 4717,
            "iscrowd": 0,
            "category_id": 1,
            "segmentation": []
        }
    ]
}
